First Name,Last Name,Age
Paige,Harris,21
Roland,Spencer,29
Victoria,Thomas,18
Amy,Hamilton,20
Ned,Cole,21
Amelia,Douglas,26
Dominik,Mitchell,25
Amber,Wright,27
Valeria,Foster,25
Madaline,Wells,27
Ryan,Hamilton,26
Maria,Brown,23
Melissa,Harrison,19
Albert,Andrews,20
Lucy,Gibson,22
George,Phillips,18
Tyler,Morris,24
Fiona,Harper,26
Lana,Robinson,21
Henry,Thompson,22
Julia,Wright,20
Preston,Stewart,27
Lana,Mitchell,23
Adrianna,Spencer,24
Jessica,Chapman,27
Chloe,Crawford,20
Kelvin,Wright,23
Tiana,Harris,21
Miller,Cunningham,29
Carl,Adams,24
Marcus,Brooks,24
Victoria,Walker,20
Amy,Williams,23
Kelvin,Robinson,25
Kristian,Harrison,23
Adelaide,Murphy,26
Carina,Parker,20
Deanna,Ellis,30
Adelaide,Fowler,22
Ned,Watson,27
Adison,Owens,27
James,Miller,18
Julia,Roberts,19
Sarah,Walker,28
Vincent,Wright,21
Ryan,Turner,23
Eleanor,Morrison,29
Elise,Hill,27
Steven,Dixon,19
Arnold,Riley,20
Eddy,Turner,19
Catherine,Mitchell,21
Julian,Carter,29
Myra,Payne,24
Sophia,Evans,28
Caroline,Johnston,25
Savana,Campbell,26
Valeria,Allen,21
Alberta,Stevens,29
Max,Howard,25
Ryan,Williams,27
Derek,Harris,22
Maria,Fowler,27
Carl,Warren,20
Reid,Richards,29
Luke,Cole,19
Valeria,Armstrong,28
Leonardo,Ferguson,18
Miley,Phillips,19
Heather,Moore,20
Darcy,Myers,28
Grace,Miller,29
Byron,Brown,20
Brad,Turner,30
Kelsey,Chapman,27
Albert,Parker,24
Aldus,Jones,23
Frederick,Gibson,25
Adele,Alexander,21
Grace,Richardson,24
Daniel,Murray,27
Julia,Turner,22
Derek,Sullivan,28
Aida,Ross,26
Stella,Martin,29
Miranda,Wright,25
Tess,Mason,21
Samantha,Douglas,25
Ashton,Montgomery,28
Deanna,Casey,19
Catherine,Tucker,19
Dasha,Buchkovsky,23
Carina,Hill,24
Paul,Anderson,29
Lilianna,Alexander,27
Sophia,Harper,22
Antony,Sullivan,18
Oscar,Alexander,25
Amanda,Carroll,23
Melissa,Taylor,20
Natalie,Hawkins,27
Adison,Gray,20
Clark,Andrews,18
Rebecca,Payne,30
Justin,Taylor,19
Aiden,Moore,27
Steven,Allen,23
Alberta,Andrews,24
Sophia,Richardson,22
Oliver,Campbell,26
Justin,Kelley,18
Charlie,Phillips,18
Aston,Jones,18
Roman,Andrews,28
Dexter,Richards,27
Mike,Turner,30
Jared,Myers,22
Isabella,Reed,30
Mary,Harris,24
Nicole,Cunningham,20
Mike,Spencer,18
Edith,Riley,26
Tiana,Montgomery,27
Maria,Elliott,24
Michelle,Carroll,24
William,Robinson,24
Lucia,Higgins,29
Antony,Wilson,25
Sienna,Perkins,18
Eric,Andrews,21
Julian,Stevens,27
Paige,Fowler,28
Olivia,Richardson,24
Alberta,Bailey,27
Alan,Hill,27
Victoria,Andrews,26
Audrey,Allen,24
Adrian,Warren,20
Amber,Roberts,20
Sofia,Warren,28
David,Russell,29
Maddie,Clark,20
Arthur,Mitchell,29
Adelaide,Stewart,30
Alford,Allen,18
Frederick,Allen,25
Blake,Kelley,29
Caroline,Hunt,23
Lucy,Harper,24
Myra,Mitchell,23
Max,Kelly,25
Edward,Smith,25
Brooke,Kelley,18
Edith,Crawford,21
Marcus,Mitchell,19
Fiona,Nelson,25
Cherry,Grant,27
Andrew,Watson,18
Clark,Scott,19
Brooke,Murphy,28
Blake,Howard,21
Chloe,Stevens,29
Vanessa,Brooks,25
Victor,Casey,28
Kellan,Ross,26
Walter,Wright,22
Joyce,Gray,24
Marcus,Richards,19
Jasmine,Russell,24
Edward,Parker,26
Jared,Brooks,30
Lyndon,Morgan,23
Eric,Smith,29
Arianna,Craig,28
Stuart,Richards,22
Carlos,Johnson,30
Tiana,Adams,23
Jack,Jones,21
William,Edwards,22
Aiden,Mitchell,30
Rafael,Hill,26
Adrianna,Evans,29
Reid,Andrews,24
Melissa,Foster,27
Ted,Sullivan,20
Sienna,Cole,26
Chelsea,Walker,21
Alexia,Murray,30
Penelope,Walker,26
Emily,Holmes,23
Mike,Rogers,27
Dominik,Edwards,30
Gianna,Gray,21
Sydney,Spencer,21
Luke,Perkins,27
Martin,Higgins,29
Max,Roberts,25
Ashton,Craig,21
Julian,Thomas,18
Melanie,Martin,19
Jordan,Wright,25
Caroline,Harrison,28
Savana,Owens,19
Nicole,Scott,22
Tara,Murphy,27
Natalie,Martin,26
Rubie,Martin,29
Rubie,Ferguson,19
Thomas,Owens,21
Blake,Stewart,24
Spike,Ross,20
Grace,Scott,23
Elise,Dixon,23
Miranda,Brown,21
Dale,Foster,23
April,Morris,18
Darcy,Mason,25
Rosie,Crawford,30
Edith,Brown,29
Lyndon,Martin,19
Vanessa,Lloyd,22
Rosie,Carroll,22
Florrie,Grant,19
Aldus,Chapman,28
Catherine,Harris,23
Antony,Casey,20
Justin,Edwards,30
John,Hunt,24
Adelaide,Anderson,19
Freddie,Perry,28
Elise,Bennett,22
Carina,Reed,27
Dainton,Harris,25
Spike,Brooks,23
Annabella,Phillips,18
Maddie,Stewart,21
Victoria,Carter,19
Victor,Ferguson,29
Audrey,Hunt,23
Thomas,Brooks,22
Penelope,Fowler,22
Frederick,Hall,25
Catherine,Lloyd,27
Daniel,Chapman,28
Stella,Chapman,28
Grace,Cunningham,20
Hailey,Henderson,28
Florrie,Robinson,23
Anna,Murphy,19
Charlotte,Jones,26
Rubie,Allen,25
Edwin,Myers,24
Jessica,Hamilton,18
Ashton,Cameron,26
Mary,Davis,21
Carl,Kelley,24
Clark,Harrison,29
Adison,Thomas,21
Ned,Carroll,30
Dainton,Perkins,30
Carina,Davis,18
Walter,West,22
Mike,Myers,26
Adison,Spencer,26
Tiana,Johnson,27
Valeria,Campbell,27
Vivian,Baker,29
Catherine,Elliott,28
Edgar,Chapman,26
Madaline,Riley,21
Catherine,Cunningham,20
Alexander,Elliott,30
Maria,Ellis,29
Dominik,Turner,30
Stella,Thompson,28
Reid,Montgomery,27
Elise,Casey,19
Carina,Grant,26
Eleanor,Harper,20
Alberta,Spencer,21
Sawyer,Johnson,22
Maddie,Miller,27
Aiden,Barrett,27
Alford,Johnston,22
Victoria,Ross,22
Samantha,Hunt,18
Carlos,Higgins,28
Violet,Anderson,20
Adison,Ellis,21
Maddie,Baker,27
Joyce,Kelly,20
Nicole,Morris,21
Adam,Elliott,18
Emma,Morgan,29
Andrew,Douglas,29
Patrick,Perkins,28
Carlos,Armstrong,25
Miley,Craig,28
Daryl,Ferguson,26
Ryan,Kelly,21
Melanie,Clark,19
Adrian,Walker,29
Sophia,Richards,20
Clark,Montgomery,30
James,Jones,28
Grace,Brooks,18
Edgar,Cole,26
Chloe,Watson,30
Natalie,Morrison,26
Albert,Owens,28
Chloe,Johnson,20
Joyce,Perry,30
Carl,Adams,25
Emily,Higgins,29
Ned,Wilson,21
Daisy,Wright,30
Ryan,Miller,29
Lyndon,Williams,19
Edgar,Allen,20
Brianna,Allen,19
Garry,Cooper,29
Sawyer,Casey,22
Stuart,Turner,23
Ashton,Holmes,30
Amelia,Montgomery,21
Maria,Rogers,22
Heather,Murray,27
Bruce,Grant,29
Camila,Hawkins,19
Adam,Allen,23
Aiden,Hall,19
Penelope,Warren,20
Antony,Baker,21
Ted,Edwards,22
Maximilian,Robinson,20
Clark,Grant,19
Jared,Lloyd,22
Heather,Ferguson,28
Jasmine,Kelley,18
Richard,Payne,18
Olivia,Farrell,26
Lucia,Perry,20
James,Cooper,30
Honey,Ferguson,21
Adison,Richards,19
Alisa,Robinson,21
Alford,Douglas,20
Ashton,Reed,18
Aldus,Taylor,22
Connie,Gray,22
Miley,Wilson,20
Eleanor,Carter,21
Hailey,Brown,27
Adison,Armstrong,25
Amelia,Grant,20
Melanie,Ryan,30
Nicole,Andrews,30
Leonardo,Dixon,29
Edwin,Harper,28
Myra,Payne,18
Alina,Barrett,22
Tess,Johnson,30
Spike,Turner,21
Tess,Thomas,25
Sofia,Hawkins,21
Ashton,Foster,23
Alina,Hall,27
Jack,Rogers,25
Edwin,Fowler,21
Arthur,Higgins,27
James,Thomas,25
Alisa,Baker,30
Lyndon,Montgomery,29
Charlotte,Ryan,25
Myra,Carter,20
Alexander,Alexander,18
Edgar,Perkins,29
Fiona,Clark,22
Eric,Armstrong,18
Oliver,Richards,21
Belinda,Richardson,26
Lucy,Harris,20
Arnold,Miller,24
Dainton,Baker,23
Garry,Gray,27
Violet,Allen,26
Arianna,Barnes,22
Luke,Chapman,26
Olivia,Grant,25
Marcus,Johnson,20
Kristian,Andrews,27
Natalie,Stevens,29
Samantha,Hawkins,19
Carl,Jones,30
Andrew,Bailey,24
Kate,Mitchell,23
Kevin,Hall,23
Julian,Richardson,20
Chester,Payne,30
Alexia,Allen,26
Ned,Hawkins,30
Ted,Reed,25
Martin,Morgan,28
Sam,Thompson,22
Alisa,Grant,23
Emily,Chapman,23
Haris,Morrison,20
Frederick,Casey,27
Florrie,Carter,27
Arnold,Wilson,29
Abigail,Stevens,28
Amanda,Barrett,21
Kate,Harrison,21
Penelope,Ross,28
Michelle,Russell,28
Bruce,Cunningham,18
Briony,Smith,28
Briony,West,28
Frederick,Farrell,28
Agata,Kelley,23
Maria,Gray,21
Violet,Perkins,20
Camila,Davis,30
Sam,Roberts,18
Frederick,Kelley,18
Alfred,Douglas,25
Annabella,Harrison,21
Adrian,Hamilton,30
Walter,Johnston,26
Vanessa,Harrison,29
Deanna,Stevens,18
Amber,Grant,25
Kelsey,Campbell,24
Jessica,Nelson,29
Sawyer,Watson,30
George,Baker,30
William,Alexander,21
Melissa,Clark,19
Florrie,Hill,26
Rafael,Moore,30
Sienna,Thomas,30
Adrianna,Richards,23
Emma,Thomas,20
Rebecca,Douglas,21
Aston,Murphy,21
Florrie,Lloyd,18
David,Cole,22
Adrianna,Tucker,18
Carl,Campbell,28
Mike,West,19
Abraham,Andrews,24
Vivian,Parker,19
Carlos,Scott,22
Penelope,Elliott,24
Arnold,Cooper,19
Victoria,Thomas,23
Byron,Anderson,18
Chelsea,Williams,23
Alberta,Anderson,22
Ashton,Higgins,26
Ellia,Bennett,22
James,Ryan,23
Aiden,Roberts,21
Tara,Morrison,28
Edward,Farrell,21
Ted,Martin,20
Carina,Chapman,28
Honey,Richardson,25
Lyndon,Johnston,22
Lily,Holmes,23
Kimberly,Williams,25
Alberta,Turner,22
Dominik,Kelly,29
Julian,Gibson,28
Carl,Alexander,25
Oscar,Campbell,19
Adam,Alexander,28
Heather,Thomas,30
Jessica,Murphy,20
Rubie,Johnson,26
Sydney,Perkins,19
Edith,Alexander,27
Daisy,Taylor,27
Roland,Allen,23
Oscar,Douglas,20
Sofia,Riley,29
Aiden,Taylor,29
Briony,Craig,20
Arthur,Hall,21
Agata,Moore,21
Julia,Bennett,29
Alberta,Perry,26
Lydia,Morgan,26
Chester,Perry,20
Adrian,Anderson,23
Brooke,Mason,30
Owen,Holmes,23
Lyndon,Elliott,20
Sarah,Gray,25
Daryl,Barrett,27
George,Payne,26
Briony,Howard,20
Adelaide,Lloyd,18
Charlie,Cameron,24
Owen,Casey,30
Adam,Andrews,26
Charlotte,Cooper,26
Fenton,Ellis,28
Steven,Lloyd,25
Bruce,Parker,29
Martin,Perkins,24
Justin,Carter,27
Arianna,Walker,25
Florrie,Montgomery,20
Lucas,Douglas,20
Andrew,Casey,28
Jasmine,Barrett,19
Naomi,Cole,18
Darcy,Payne,18
Lydia,Crawford,23
Roman,Stevens,21
Elian,Kelley,29
Fiona,Roberts,18
Grace,Allen,30
Alexander,Murphy,18
Tiana,Myers,24
Steven,Bennett,30
Elise,Walker,23
Tara,Perkins,27
Alisa,Adams,24
Adrianna,Foster,20
Agata,Rogers,22
Charlotte,Warren,26
Evelyn,Alexander,21
Robert,Higgins,29
Harold,Clark,26
Harold,Cooper,29
Leonardo,Martin,25
Connie,Morrison,24
Thomas,Smith,24
Adrianna,Ross,23
Adelaide,West,30
Ada,Chapman,20
Rafael,Dixon,18
Haris,Gibson,20
Arianna,Rogers,22
Mary,Miller,28
Ted,Craig,21
Charlie,Bailey,23
George,Walker,28
Kate,Thomas,27
Tara,Carter,26
Julia,Henderson,27
Lana,Wright,27
Naomi,Moore,25
Penelope,Myers,28
Freddie,Chapman,21
Caroline,Lloyd,25
Dale,Bennett,21
Cherry,Owens,30
Paul,Andrews,18
Abigail,Owens,23
Alissa,Gray,21
Haris,Davis,27
Alford,Lloyd,26
Alan,Reed,20
Rafael,Campbell,23
James,Harris,25
Belinda,Johnson,27
Aida,Howard,29
Gianna,Turner,19
Rosie,Holmes,19
Richard,Baker,28
Stuart,Perkins,21
Amelia,Clark,20
Abraham,Clark,30
Ada,Harris,26
Carl,Johnston,30
Jasmine,Campbell,21
Aldus,Barnes,19
Rafael,Fowler,28
Joyce,Harrison,30
Walter,Wright,27
Daniel,Nelson,25
Aldus,Gray,27
Edward,Brooks,22
Maya,Parker,22
Florrie,Carroll,30
Kelsey,Thomas,29
David,Johnston,25
Oscar,Andrews,30
Arnold,Lloyd,30
Justin,Bailey,18
Michelle,Carter,20
Alexander,Chapman,27
Dexter,Evans,27
Chloe,Lloyd,22
Anna,Hall,19
Adele,Hall,21
Olivia,Richardson,19
Preston,Brooks,21
Kelvin,Hill,20
Arianna,Hawkins,28
Charlie,Wright,18
Rosie,Gibson,19
James,Cooper,28
Adison,Turner,21
Adison,Craig,19
Camila,Brooks,29
Sophia,Riley,19
Antony,Adams,28
Gianna,Wright,19
Myra,Gray,25
Preston,Perkins,21
Mary,Hawkins,30
Max,Richards,21
Walter,Spencer,20
Kellan,Farrell,27
Jordan,Davis,20
Violet,Murphy,26
Tyler,Scott,25
Elian,Carter,19
Stuart,Morris,19
Maria,Owens,18
Sydney,Fowler,24
Max,Armstrong,21
Elise,Gray,20
Elian,Murray,23
Brooke,Wells,27
Alan,Moore,29
Frederick,Carroll,25
Martin,Payne,30
Eddy,Stevens,19
Aida,Bennett,22
Vincent,Watson,18
Savana,Murphy,20
George,Ryan,19
Brad,Myers,21
Lilianna,Payne,22
Elian,Holmes,18
Michael,Spencer,23
Chester,Cole,19
Spike,Thomas,19
Kellan,Fowler,30
Carl,Harrison,23
Owen,Fowler,19
Rafael,Evans,21
Paige,Clark,25
Naomi,Carroll,29
Rosie,Miller,23
Samantha,Cunningham,20
Alford,Reed,23
Lucy,Hall,25
Maximilian,Baker,22
John,Warren,23
Edward,Carroll,18
Tony,Williams,25
Ashton,Moore,26
Brooke,Lloyd,24
Justin,Adams,22
William,Rogers,24
Anna,Turner,19
Ted,Morris,21
Briony,Jones,26
Kelvin,Morrison,23
Antony,Harris,22
Kelvin,Clark,29
Charlie,Elliott,25
Aiden,Bailey,25
Charlie,Hill,20
Rafael,Morris,26
Sarah,Ross,18
Paige,Warren,22
Vivian,Dixon,27
James,Crawford,30
Rubie,Morgan,27
Oscar,Brown,29
Daisy,Hall,21
Julia,Ellis,22
Lyndon,Armstrong,27
Henry,Murray,26
Olivia,Phillips,25
Amanda,Cameron,19
Michelle,Murphy,20
Miley,Jones,29
Carl,Montgomery,25
Lucy,Davis,21
Jacob,Chapman,23
Vanessa,Rogers,20
Ned,Morrison,28
Rebecca,Cunningham,27
Robert,Wilson,27
Catherine,Ellis,29
Justin,Brooks,18
Emily,Harper,22
Alina,Allen,21
Roman,Anderson,22
Thomas,Martin,21
Alexander,Anderson,29
Paige,Cunningham,30
Patrick,Sullivan,23
Sienna,Hill,24
Alan,Ryan,18
Caroline,Edwards,28
Lily,Morrison,21
Mary,Watson,30
Melissa,Foster,25
Arianna,Howard,19
April,Allen,21
Annabella,Hill,29
Edwin,Morrison,28
Albert,Ellis,29
Mary,Martin,23
Edgar,Foster,30
Dominik,Brown,19
Paul,Wilson,22
Walter,Russell,24
Elian,Cunningham,22
Arianna,West,27
Miller,Armstrong,26
Alisa,Ellis,19
Lydia,Turner,24
Arianna,Cameron,22
Garry,Chapman,30
Emma,Bennett,25
Grace,Barnes,27
Ted,Armstrong,21
Sienna,Foster,30
Sienna,Miller,30
Steven,Tucker,19
Dainton,Barrett,30
Florrie,Cole,23
Deanna,Warren,25
Ashton,Harris,30
Julian,Reed,21
Rubie,Barrett,28
Steven,Williams,30
Lily,Adams,28
Rafael,Chapman,30
Adrian,Riley,20
Andrew,Anderson,26
Joyce,Jones,27
Eleanor,Turner,19
Eleanor,Russell,19
Brianna,Davis,26
Amanda,Moore,20
Kimberly,Thomas,23
Grace,Harris,20
Mike,Thomas,25
Lilianna,Gibson,20
Richard,Howard,28
Vanessa,Douglas,27
Lucy,Johnson,27
Alina,Campbell,20
Valeria,Chapman,27
Amy,Fowler,22
Amelia,Craig,30
Rubie,Murray,18
Tess,Morris,21
Amy,Hawkins,29
Fiona,Wells,19
Elian,Gray,21
Alexia,Wright,22
Derek,Richardson,27
Garry,Parker,21
Natalie,Russell,25
Maria,Jones,25
Justin,Smith,20
Sydney,Wilson,22
Nicole,Craig,24
Arthur,Richards,23
Eddy,Morgan,18
Cadie,Gibson,21
Madaline,Rogers,25
Madaline,Thompson,20
Eric,Perkins,30
Catherine,Wright,27
Henry,Hamilton,26
Vanessa,Mason,19
Dale,Adams,22
Anna,Andrews,29
Elise,Payne,30
Adelaide,Hamilton,18
Jack,Parker,25
Sarah,Elliott,20
Freddie,Harrison,28
Chelsea,Morris,29
Ted,Lloyd,19
Vincent,Williams,28
Roman,West,20
Annabella,Davis,18
Camila,Rogers,30
Ada,Allen,24
Jasmine,Ellis,23
Leonardo,Johnson,26
Vincent,Mason,27
Melanie,Henderson,30
Garry,Montgomery,21
Kimberly,Richardson,30
Oliver,Carroll,22
Carl,Brooks,27
Bruce,Edwards,21
Jared,Thomas,20
Alberta,Ross,18
Sabrina,Hall,29
Sydney,Evans,19
Eric,Evans,19
Charlotte,Henderson,19
Carina,Barrett,26
Justin,Riley,30
Belinda,Dixon,19
Emma,Harper,28
Mary,Armstrong,26
Connie,Rogers,29
Florrie,Perry,30
Aston,Holmes,29
Carina,Harrison,24
Grace,Cooper,18
Grace,Barrett,18
Alexia,Hawkins,30
Amy,Douglas,22
Eric,Thomas,27
Alissa,Jones,24
Maya,Johnston,21
Chelsea,Richards,25
Robert,Scott,22
Ashton,Baker,23
Hailey,Hamilton,21
Samantha,Andrews,19
Emily,Ross,27
Julian,Richards,21
Tess,Phillips,28
Kirsten,Perkins,18
Naomi,Anderson,24
Tyler,Barnes,28
Tess,Barnes,29
Justin,Rogers,25
Alfred,Montgomery,29
Mary,Davis,18
Julia,Elliott,21
Ted,Taylor,29
Alfred,Howard,19
Victoria,Dixon,18
Alexander,Ross,24
Julian,Edwards,18
Vivian,Higgins,18
Penelope,Barnes,23
Tara,Wilson,24
Andrew,Dixon,19
Byron,Craig,24
Adison,Perkins,24
Grace,Cole,23
Tiana,Cameron,20
Myra,Brooks,18
Olivia,Thomas,26
Eleanor,Gray,28
Sydney,Gray,22
Aiden,Stevens,19
Nicholas,Grant,18
Daisy,Armstrong,23
Daniel,Johnston,29
Owen,Allen,22
Lana,Allen,21
Martin,Taylor,30
Fiona,Williams,28
Valeria,Stewart,18
Ashton,Davis,28
Max,Davis,23
Chester,Carter,30
Frederick,Sullivan,28
Miller,Clark,26
Vanessa,Hill,28
Kelvin,Richardson,30
Kirsten,Reed,27
Antony,Hamilton,22
Charlotte,Murray,18
Patrick,Grant,27
Alfred,Owens,28
Amy,Hunt,24
Melanie,Cole,28
Myra,Russell,21
Sabrina,Parker,18
Sam,Andrews,21
Aiden,Scott,24
Henry,Scott,18
Jack,Hall,30
Michael,Casey,21
Julian,Cooper,22
Abigail,Elliott,18
Derek,Ross,22
Emma,Carroll,28
Ada,Edwards,30
Eleanor,Spencer,27
Alexia,Evans,18
John,Turner,29
Vincent,Stevens,24
Heather,Ross,19
Tony,Johnston,27
Owen,Watson,30
Alexander,Mason,18
George,Reed,25
Chloe,Taylor,26
Rubie,Murphy,29
Elise,Grant,24
Harold,Fowler,23
Connie,Watson,21
Carina,Lloyd,24
Bruce,Barnes,19
Brad,Cooper,18
Vivian,Evans,18
Tara,Bailey,30
Stella,Barrett,21
Daryl,Farrell,18
Blake,Farrell,21
Daniel,Armstrong,27
Charlie,Richards,18
Kelsey,Spencer,20
Alexia,Alexander,18
Leonardo,Rogers,23
Charlotte,Lloyd,21
Mary,Gibson,22
Carina,Montgomery,21
Tyler,Phillips,21
Abraham,Grant,18
Fenton,Thomas,21
Ned,Owens,19
Joyce,West,25
Alexia,Wilson,22
Byron,Turner,29
Robert,Cunningham,25
Maximilian,Allen,23
Lyndon,Evans,23
Eddy,Riley,21
Dale,Stevens,21
Edith,Harris,29
Jenna,Grant,26
Kelsey,Williams,24
Audrey,Morgan,23
Andrew,Ross,28
Adison,Evans,25
Alfred,Farrell,23
Rosie,Barnes,28
Daryl,Douglas,28
Max,Ryan,24
Carina,Hunt,18
Charlotte,Crawford,25
Evelyn,Harrison,25
Freddie,Chapman,20
Michelle,Morris,25
Arnold,Mitchell,30
Dominik,Morris,24
Lenny,Smith,29
Tiana,Morris,20
Michael,Ellis,27
Arnold,Phillips,30
Arianna,Douglas,24
Jack,Sullivan,28
Jenna,Spencer,25
Eddy,Parker,28
Sophia,Taylor,27
Amanda,Riley,19
Lucy,Walker,21
Edgar,Harrison,19
Ada,Williams,22
Lyndon,Cameron,24
Aida,Bailey,18
Paul,Andrews,18
Daryl,Bailey,18
James,Adams,23
Jasmine,Russell,28
Hailey,Adams,25
Charlie,Clark,29
Kate,Ross,25
Cherry,Stevens,23
Savana,Thomas,22
Olivia,Phillips,26
Rebecca,Myers,30
Frederick,Hunt,29
Nicholas,Stewart,29
Leonardo,Martin,25
Deanna,Johnston,29
Abigail,Ross,22
Edwin,Harrison,24
Frederick,Hunt,18
Arianna,Murray,18
Tara,West,23
Rafael,Sullivan,24
Elian,Richardson,29
Byron,Ferguson,30
Victor,Thompson,22
Kevin,Stevens,25
Vanessa,Baker,19
Belinda,Anderson,25
Adelaide,Carter,26
Owen,Hunt,23
Amelia,Hawkins,19
Kimberly,Howard,26
Adison,Carroll,23
Aldus,Elliott,19
Arianna,Thomas,19
Carina,Grant,20
Grace,Richards,18
Tony,Bennett,25
Jordan,Hawkins,25
Alberta,Martin,24
Paul,Watson,18
Alissa,Tucker,24
Aldus,Baker,26
Aldus,Carroll,28
Preston,Bailey,28
Julia,Carroll,25
Thomas,Wilson,20
Maria,Robinson,19
George,Cunningham,23
Sarah,Anderson,19
Freddie,Tucker,22
Sabrina,Sullivan,30
Rafael,Grant,18
Kristian,Harper,20
Steven,Perry,24
Carlos,Barnes,29
Edwin,Andrews,27
Adison,Kelly,28
Alfred,Payne,18
Michael,Stevens,18
Isabella,Farrell,27
Tyler,Henderson,18
Anna,Johnson,30
Tara,Cameron,30
Arnold,Barrett,29
Haris,Barnes,24
Oscar,Stevens,20
Florrie,Morgan,30
Charlie,Cunningham,19
Max,Tucker,28
Heather,Gray,23
Dainton,Morgan,19
Olivia,Nelson,21
Vincent,Ross,19
Harold,Craig,29
April,Mason,19
Fiona,Taylor,26
Ellia,Evans,19
Alissa,Hall,21
Myra,Cameron,19
Rubie,Douglas,20
Cherry,Hamilton,25
Lyndon,Scott,18
Mary,Holmes,20
Sophia,Holmes,28
Ted,Clark,24
Bruce,Jones,19
Lucas,Montgomery,24
James,Ellis,21
Edward,Holmes,19
Edwin,Roberts,25
Sydney,Wilson,18
Edith,Russell,20
Tyler,Wright,24
Charlotte,Lloyd,18
Madaline,Miller,18
Ada,Edwards,18
Sofia,Bailey,21
Patrick,Cameron,30
Frederick,Tucker,20
Dale,Phillips,19
Jack,Cunningham,23
Haris,Harrison,21
Edith,Lloyd,22
Adelaide,Bennett,24
Edgar,Gray,20
Albert,Carroll,24
Sam,Tucker,20
Abigail,Ryan,21
Chelsea,Wells,27
Madaline,Brown,22
Frederick,Kelly,24
Tess,Scott,22
Adelaide,Ferguson,22
Richard,Perkins,27
Daryl,Perkins,19
Eleanor,Crawford,29
Carl,Carroll,28
Fiona,Stevens,25
Ellia,Fowler,20
Kelsey,Watson,30
Sofia,Morris,19
Oscar,Higgins,21
Max,Hawkins,19
Miley,Hamilton,26
Maddie,Taylor,22
Leonardo,Barnes,20
Ted,Murphy,27
Maya,Parker,25
Carina,Nelson,19
Evelyn,Lloyd,29
George,Phillips,27
Penelope,Baker,25
Anna,Miller,20
Arnold,Elliott,18
Chloe,Reed,19
Rubie,Fowler,22
Alford,Cunningham,25
Lana,Allen,21
Maya,Foster,25
Edgar,Richardson,22
Aiden,Cameron,25
Alen,Ross,19
Brad,Craig,26
Brooke,Hamilton,30
Jordan,Crawford,28
Camila,Warren,28
Kimberly,Warren,29
Bruce,Montgomery,25
Eric,Douglas,23
Jordan,Jones,18
Adele,Stewart,25
Paige,Henderson,25
Briony,Barrett,22
Elise,Davis,27
Alexander,Brown,21
Adison,Robinson,26
Abraham,Ryan,29
Tara,Perry,30
Madaline,Rogers,21
Lydia,Wells,18
Lucia,Perry,29
Belinda,Spencer,30
Sawyer,Tucker,26
Heather,Kelley,18
Samantha,Brown,18
Fenton,Myers,27
Ted,Dixon,23
Sofia,Scott,25
Maria,Owens,18
Kate,Nelson,18
Nicholas,Chapman,29
Leonardo,Robinson,26
Jared,Scott,19
Ashton,Smith,25
Ashton,Russell,25
Ryan,Gibson,29
Alen,Perry,22
Alexia,Gray,23
Daniel,Walker,24
Briony,Hamilton,28
Emma,Murphy,24
Alberta,Gibson,19
Penelope,Campbell,22
Cadie,Warren,28
Catherine,Carroll,28
Paige,Cooper,25
Annabella,Baker,24
Tony,Taylor,27
Owen,Russell,25
Caroline,Holmes,27
Fenton,Davis,28
Aida,Barnes,23
Kirsten,Fowler,26
Olivia,Adams,23
Maddie,Richardson,24
Vanessa,Phillips,26
Rubie,Barrett,19
Lucy,Brooks,29
Mike,Murray,20
Lucia,Thomas,20
Myra,Morgan,29
Maria,Spencer,19
Jessica,Davis,28
Adele,Owens,18
Roland,West,27
Kelsey,Rogers,23
Briony,Murray,29
Dale,Cunningham,19
Tony,Thompson,29
Chloe,Crawford,23
Connie,Perkins,29
Lily,Miller,22
Aiden,Perkins,24
Aston,Miller,20
Savana,Bailey,20
Alisa,Grant,22
Rebecca,Harper,28
Daryl,Allen,26
Lydia,Craig,18
Alina,Mitchell,22
Ted,Carter,22
Kristian,Douglas,29
Tony,Walker,28
Daniel,Andrews,30
James,Foster,21
Daryl,Turner,21
Martin,Smith,26
Michelle,Holmes,23
Melissa,Casey,20
Agata,Carroll,29
Sydney,Morris,25
Lenny,Perry,19
Owen,Ellis,30
Carlos,Chapman,22
Kellan,West,22
Alissa,Hawkins,20
Charlie,Moore,28
Michelle,Martin,26
Nicole,Anderson,23
Jordan,Chapman,28
Stuart,Spencer,22
Nicole,Richards,22
Amanda,Hawkins,19
Roman,Watson,23
Natalie,Harper,20
Adele,Wilson,19
Chester,Murray,19
Valeria,Kelly,27
Alexander,Kelly,29
Tess,Spencer,24
James,Bennett,18
Aldus,Payne,28
Stella,Foster,23
Roland,Taylor,26
Brad,Ellis,27
Amber,Parker,22
Sienna,Phillips,26
Darcy,Myers,30
Naomi,West,18
Violet,Allen,22
Natalie,Morrison,22
Arianna,Kelley,20
Sam,Johnson,26
Naomi,Tucker,23
William,Carroll,20
April,Thompson,30
Leonardo,Ross,26
Rosie,Anderson,18
Richard,Wells,25
Cadie,Kelly,18
Daisy,Cameron,29
Kate,Johnson,30
Annabella,Wright,23
Chloe,Hill,30
Caroline,Howard,22
Reid,Payne,26
Sawyer,Tucker,19
Daryl,Morris,23
Nicholas,Thompson,23
Spike,Owens,30
Heather,Ross,30
Lenny,Howard,24
Lucia,Walker,28
Audrey,Carter,22
Heather,Kelly,19
Roland,Craig,25
Albert,Adams,27
Penelope,Brown,28
Violet,Morgan,25
Madaline,Perry,28
Andrew,Nelson,20
Jared,Mitchell,29
Paige,Perkins,30
Melissa,Harper,28
Heather,Moore,22
Ada,Walker,19
Daryl,Hamilton,27
Adrianna,Roberts,18
Lydia,Watson,19
Kate,Riley,22
Honey,Douglas,19
Alexander,Hawkins,18
James,Perry,21
Alissa,Grant,25
Penelope,Gibson,18
Nicholas,Casey,26
Gianna,Douglas,21
Jared,Gray,19
Lilianna,Andrews,18
Kellan,Richardson,26
Amy,Hill,19
Savana,Andrews,18
Gianna,Hunt,19
Kristian,Perry,29
Alexia,Moore,23
Darcy,Cooper,20
Carl,Kelley,24
Carina,Hall,19
Alberta,Stewart,18
Sawyer,Johnson,18
Aida,Hall,29
Bruce,Cameron,20
Nicholas,Ryan,30
Sydney,Morgan,28
Dainton,Morrison,30
Lyndon,Mitchell,22
Ryan,Ryan,30
Honey,Nelson,27
Robert,Parker,22
Audrey,Lloyd,19
Penelope,Harper,19
Camila,Baker,24
Jordan,Cole,19
Annabella,Holmes,23
Aida,Ryan,18
Bruce,Brooks,19
Adele,Miller,18
Julian,Phillips,21
Fenton,Rogers,21
Dominik,Moore,19
Alan,Davis,29
Amber,Wells,22
Preston,Clark,19
Miranda,Harris,18
Paul,Smith,21
Maddie,Perry,24
Melissa,Hunt,21
Natalie,Williams,28
Edward,Riley,26
Adrianna,Smith,21
Miley,Lloyd,29
Edith,Perkins,24
Maya,Edwards,23
Lily,Perry,28
Arianna,Anderson,22
Henry,Scott,23
Savana,Brown,19
Audrey,Brooks,22
Owen,Cooper,19
Gianna,Gibson,24
Vivian,Barrett,23
Adrian,Kelley,21
Rebecca,Smith,18
Kellan,Crawford,25
Brooke,Holmes,26
Albert,Riley,19
Vivian,Gray,26
Fiona,Kelly,26
Alen,Gray,22
Briony,Crawford,30
Rosie,Wells,27
Aida,Baker,21
Steven,Murray,22
Elian,Payne,29
Walter,Walker,22
Catherine,Moore,26
Lucia,Edwards,23
Dale,Spencer,25
Michael,Cunningham,23
Belinda,Owens,18
Richard,Nelson,28
Edwin,Smith,21
Lydia,Foster,25
Arianna,Edwards,21
Tiana,Perry,19
Melissa,Morris,29
Albert,Fowler,26
Myra,Hill,21
Lydia,Turner,20
Ryan,Cole,28
Violet,Foster,28
Tiana,Fowler,26
Violet,Cameron,18
George,Stewart,28
Ada,Crawford,20
Edgar,Hawkins,26
Ned,Tucker,29
Sarah,Perry,29
Deanna,Hunt,22
James,Hawkins,21
Alexander,Brooks,28
Eric,Ellis,19
Kate,Howard,25
Kimberly,Robinson,20
James,Anderson,30
Paul,Phillips,29
Adelaide,Morrison,28
Lenny,Taylor,22
Julia,Gray,23
Lucas,Perry,21
Hailey,Moore,23
Caroline,Williams,21
Chloe,Wright,24
Ryan,Cole,30
Sawyer,Dixon,24
Savana,Moore,26
Miller,Johnston,29
Melanie,Carroll,19
Alina,Harper,29
Aldus,Sullivan,18
Dominik,Hill,29
Jessica,Johnston,26
Michelle,Phillips,27
Maddie,Brooks,29
Oscar,Watson,23
Penelope,Murray,29
Chester,Warren,25
Ned,Perkins,22
Briony,Harrison,27
Oliver,Stevens,29
Lucy,Perry,25
Emily,Riley,25
Adelaide,Jones,30
Carina,Turner,19
Olivia,Kelly,28
Samantha,Richardson,30
Nicholas,Williams,18
Lucy,Kelly,25
Agata,Harper,22
Daryl,Cunningham,23
Abigail,Cameron,28
Emily,Morris,27
Emily,Chapman,26
Marcus,Barrett,22
Alisa,Taylor,27
Alberta,Scott,20
Miley,Taylor,30
Alford,Harris,25
Sarah,Hamilton,21
Tiana,Chapman,29
Kate,Turner,26
Tara,Parker,20
Stella,Stevens,25
Grace,Hunt,22
Kristian,Alexander,19
Leonardo,Douglas,18
Amanda,Crawford,21
Oscar,Davis,26
Lyndon,Alexander,22
Maria,Nelson,18
Evelyn,Elliott,25
Isabella,Bailey,30
Naomi,Bailey,26
Aldus,Evans,25
Brad,Bailey,18
Aiden,Howard,23
Briony,Kelley,25
Julia,Andrews,19
Adrianna,Morris,18
Rosie,Evans,29
Paul,Roberts,24
Hailey,Hunt,29
Nicole,Harrison,26
Amelia,Anderson,20
Alexander,Fowler,20
Alissa,Carroll,23
Daryl,Fowler,22
Cherry,Adams,20
Savana,Henderson,18
Daniel,Fowler,26
Abraham,Barnes,19
Daniel,Roberts,26
Clark,Evans,28
Alexia,Gibson,26
Daniel,Hall,18
Richard,Howard,30
Melanie,Miller,26
Michael,Alexander,22
Jacob,Phillips,26
Carl,Barrett,30
Alfred,Foster,22
Jessica,Stewart,21
Sydney,Riley,30
Tony,Wilson,30
Paige,Spencer,28
Elian,Stewart,18
Paul,Smith,23
Thomas,Ferguson,23
Kelvin,Elliott,19
Charlie,Nelson,23
Edward,Dixon,22
James,Jones,25
Max,Morrison,21
Steven,Thomas,18
Tess,Payne,28
Savana,Howard,24
Spike,Cunningham,23
Owen,Edwards,20
Kellan,Cooper,27
April,Cameron,23
Sarah,Moore,28
Rubie,Thomas,28
Savana,Hamilton,19
Lilianna,Hill,26
Garry,Hill,24
Tyler,Owens,19
William,Gray,25
Arianna,Ryan,19
Miranda,Dixon,24
Elise,Thomas,21
Aston,Armstrong,19
April,Miller,28
Cherry,Montgomery,24
Madaline,Hall,18
Jacob,Fowler,28
Oliver,Brown,22
James,Watson,18
Lucia,Alexander,20
Alford,Phillips,27
Lana,Bennett,20
Aiden,Gibson,26
Dale,Barnes,18
Aston,Allen,28
Grace,Roberts,29
Evelyn,Stevens,18
Madaline,Farrell,25
Natalie,Gibson,23
Adele,Turner,23
Adele,Cooper,27
James,Scott,19
Julia,Craig,29
Kelvin,Thompson,25
Hailey,Tucker,30
Sienna,Evans,30
Maximilian,Fowler,20
Paul,Carroll,24
Vincent,Harper,19
Melissa,Payne,28
James,Russell,25
Elise,Stewart,25
Haris,Kelley,19
Alfred,Armstrong,27
William,Dixon,23
Ted,Campbell,25
Sawyer,Morrison,28
Nicholas,Hamilton,20
Agata,Morrison,29
Sophia,Mitchell,29
Garry,Cameron,23
Amy,Kelley,26
William,Cunningham,18
Robert,Reed,18
Chester,West,26
Daniel,Ellis,28
Dainton,Miller,30
Jasmine,Holmes,27
Camila,Johnston,23
Catherine,Barrett,23
Fenton,Watson,20
Aida,Jones,20
Amanda,Williams,24
Jack,Moore,18
Brooke,Wilson,27
Daniel,Bennett,24
Kirsten,Mason,18
Michael,Walker,30
Haris,Hunt,30
Brad,Stevens,19
Owen,Warren,28
Bruce,Barnes,25
Sophia,Riley,27
Tony,Hunt,29
Camila,Rogers,22
Marcus,Brown,19
Cherry,Nelson,23
Ada,Miller,20
Violet,Farrell,22
Gianna,Carter,22
Edgar,Howard,18
Vanessa,Perry,27
Myra,Stevens,30
Nicholas,Turner,19
Sofia,Gibson,28
Kimberly,Smith,26
Joyce,Davis,30
Ada,Cooper,27
Oliver,Nelson,22
Sarah,Cunningham,22
Lydia,Phillips,20
Edwin,Phillips,24
William,Nelson,24
Jack,Cole,27
Kristian,Holmes,25
Albert,Murray,21
Alen,Chapman,20
Tara,Holmes,25
George,Barnes,20
Alisa,Alexander,20
Madaline,Stewart,26
Richard,Williams,30
Carlos,Campbell,28
Olivia,Murray,23
Belinda,Johnson,29
Brianna,Riley,19
Madaline,Edwards,24
Alford,Bennett,22
Alexia,Carroll,21
Andrew,Holmes,28
Natalie,Jones,27
Alexander,Hawkins,22
Briony,Gray,25
Aiden,Johnson,26
Dale,Payne,24
Max,Edwards,22
William,Rogers,22
Arianna,Fowler,23
Dexter,Morris,19
Adam,Miller,26
Kevin,Andrews,27
Kimberly,Ryan,21
Martin,Douglas,20
Olivia,Ryan,21
Kate,Richards,30
Miranda,Stewart,27
Carl,Phillips,24
Arnold,Campbell,19
Lydia,Harper,27
Adelaide,Crawford,19
George,Hamilton,19
Tess,Ryan,26
Lyndon,Nelson,30
Melanie,Armstrong,21
Martin,Stevens,21
Samantha,Nelson,28
Alen,Casey,19
Ellia,Nelson,22
Kevin,Alexander,21
Abraham,Chapman,22
Garry,Gibson,27
Caroline,Ferguson,26
Eric,Thompson,22
Carina,Roberts,26
Adele,Hill,24
Tess,Henderson,30
Maria,Morrison,21
Sienna,Harris,23
Abigail,Walker,23
Sarah,Montgomery,30
Sam,Reed,25
Sienna,Russell,26
Luke,Alexander,19
Robert,Crawford,26
Clark,Richardson,24
Dale,Kelly,20
Miranda,Montgomery,27
Caroline,Phillips,30
Henry,Baker,21
Alexander,Anderson,23
Patrick,Richardson,18
Lucy,Tucker,23
Rebecca,Martin,19
Bruce,Parker,18
Eleanor,Stewart,26
Sophia,Foster,23
Dainton,Turner,28
Tara,Perkins,27
Carl,Martin,27
Garry,Murray,19
Kristian,Riley,18
Roland,Warren,24
Julian,Ellis,28
Kimberly,Robinson,23
Tess,Martin,20
Julian,Ross,21
Victoria,Payne,23
Lucy,Crawford,23
Kelsey,Edwards,26
Jared,Hawkins,28
Maddie,Taylor,22
Arianna,Hamilton,21
Edith,Jones,23
Blake,Bennett,23
Eric,Rogers,29
Dominik,Spencer,29
Dainton,Crawford,25
Lydia,Fowler,26
Julia,Perkins,29
Chloe,Davis,28
Jenna,Myers,19
Violet,Phillips,29
Dexter,Murphy,20
Ryan,Perkins,21
Gianna,Harris,30
April,Brown,29
Maria,Andrews,26
Chelsea,Evans,27
Leonardo,Kelly,25
Mary,Hill,22
Maria,Turner,29
Kirsten,Cameron,26
Kevin,Brown,28
Michael,Hawkins,26
Eleanor,Riley,19
Michelle,Parker,30
Victoria,Montgomery,30
Ryan,Tucker,24
Edwin,Hawkins,23
Tony,Richards,26
Chloe,Morgan,21
Catherine,Rogers,27
Kelsey,Hall,29
Antony,Sullivan,27
Ashton,Moore,20
Chester,Stewart,28
Kevin,Russell,26
George,Wells,27
Jasmine,Cooper,23
Jacob,Myers,24
Emily,Campbell,25
Ted,Mitchell,25
Edward,Craig,23
Justin,Mason,28
Daisy,Higgins,28
Briony,Wright,23
Henry,Edwards,26
Alisa,Nelson,23
Aida,Johnston,20
Roland,Ferguson,21
Ellia,Wells,28
Cadie,Ross,18
James,Edwards,30
Maya,Parker,26
Sienna,Hunt,27
James,Ferguson,18
Vanessa,Craig,26
Kate,Roberts,26
Patrick,Harrison,24
Alberta,Richardson,18
Caroline,Ross,22
Carl,Sullivan,27
Kelvin,Harris,27
Eleanor,Allen,20
James,Scott,24
Fiona,Howard,29
Stuart,Hamilton,18
April,Carroll,19
Marcus,Wells,26
Kelvin,Cooper,24
Penelope,Campbell,26
Robert,Grant,21
Belinda,Crawford,18
Kate,Morgan,19
Aston,Davis,18
Chelsea,Higgins,29
Ashton,Myers,24
Garry,Myers,27
Annabella,Mitchell,22
Tara,Higgins,26
William,Casey,30
Roman,Scott,19
Naomi,Mason,26
Oliver,Gibson,29
Eddy,Harrison,27
Aida,Kelley,23
Mike,Carter,29
Edward,Evans,22
William,Wells,18
Kirsten,Mitchell,23
Eric,Cooper,22
Preston,Barnes,23
Paul,Bailey,20
Mary,Taylor,19
Julia,Cooper,26
Paul,Murphy,26
Chester,Parker,18
Kellan,Hamilton,26
Alissa,Parker,28
Harold,Robinson,27
Jacob,Reed,20
Blake,Harper,23
Myra,Morris,30
Amanda,Richards,20
Alisa,Moore,25
Nicole,Cunningham,30
Abraham,Wells,19
Naomi,Reed,18
Ashton,Elliott,27
Cadie,Crawford,23
Sienna,Payne,26
Tony,Cole,26
Briony,Kelley,24
Tara,Howard,22
Violet,Gibson,25
Mary,Miller,21
Brooke,Ryan,27
Sam,Stewart,24
Sydney,Perry,26
Edwin,Edwards,28
Tiana,Bennett,29
George,Hill,18
Ada,Rogers,20
James,West,18
Olivia,Murphy,19
Agata,Payne,28
Abigail,Stewart,26
Tara,Barnes,20
Emily,Perkins,24
Reid,Clark,24
Andrew,Turner,29
Jordan,Carter,26
Jordan,Douglas,29
Sydney,Spencer,28
Garry,Bennett,29
Derek,Brooks,23
Fiona,Barnes,28
Richard,Baker,30
John,Higgins,24
Fiona,Kelly,24
Charlie,Cameron,23
Daniel,Myers,19
Sabrina,Reed,20
Adison,Edwards,29
Brooke,Parker,24
Garry,Owens,27
Richard,Thomas,23
Ada,Gray,21
Luke,Gibson,30
John,Williams,25
Maximilian,Campbell,30
Dainton,Johnston,19
Edwin,Morrison,21
Catherine,Crawford,19
Antony,Johnston,20
Olivia,Crawford,27
Wilson,Casey,22
Alissa,Smith,18
Julia,Hamilton,25
Ryan,Richardson,24
Fiona,Evans,24
Joyce,Stewart,22
Lilianna,Nelson,22
Lydia,Hall,28
Arianna,Harper,25
Lydia,Hawkins,21
Sam,Foster,19
Agata,Adams,21
Kelvin,Hamilton,19
John,Walker,24
Frederick,Parker,23
Belinda,Wright,19
Tyler,Alexander,20
Mike,Johnson,21
Oscar,Warren,29
Andrew,Casey,23
Jessica,Ellis,30
Chester,Craig,22
Paul,Spencer,27
Paige,Scott,30
George,Brooks,30
Naomi,Carter,26
Jared,Ross,18
Jacob,Cole,20
Jenna,Harrison,28
Alisa,Tucker,21
Nicole,Perry,30
Maya,Mitchell,19
Spike,Roberts,21
Emma,Harper,25
Victor,Ferguson,26
Roman,Adams,28
Reid,Russell,29
Fenton,Andrews,30
Harold,Harper,26
Hailey,Carroll,23
Deanna,Evans,21
Garry,Dixon,27
Violet,Carter,27
Victor,Hill,23
Elise,Johnston,21
Alen,Bailey,19
Leonardo,Jones,25
Connie,Miller,24
Amanda,Ryan,23
Dominik,West,24
Arianna,Alexander,29
Evelyn,Parker,23
Nicholas,Kelly,28
Nicole,Turner,25
Roman,Harrison,22
Kirsten,Craig,27
Alexander,Turner,20
Marcus,Perry,23
Ellia,Hunt,30
Jasmine,Robinson,18
Kristian,Moore,26
Chelsea,Harper,29
Ryan,Miller,19
Mary,Higgins,29
Oliver,Ross,24
Melissa,Sullivan,27
Melissa,Robinson,27
Sam,Chapman,22
Julian,Johnson,27
Kate,Moore,22
Adam,Ferguson,27
Eric,Dixon,18
Brooke,Bennett,18
Daisy,Bailey,23
Samantha,Perkins,23
Vincent,Hall,22
Ted,Hawkins,25
Harold,Cunningham,30
Kelsey,Ross,28
Michael,Brown,18
Adam,Thompson,23
Leonardo,Henderson,26
Cherry,Evans,23
Brianna,Thomas,21
Harold,Alexander,20
James,Wilson,28
Kelsey,Morrison,18
Richard,Johnston,23
Julian,Gibson,20
Miley,Riley,18
Kate,Dixon,23
Paige,Casey,29
Anna,Parker,30
Vanessa,Thompson,25
Nicole,Bennett,27
Alina,Dixon,23
Miller,Farrell,22
Lucas,Ross,24
Elian,Cunningham,27
Edgar,Foster,19
Daryl,Perry,28
Owen,Carter,23
Justin,Allen,19
Amanda,Perry,29
Evelyn,Perkins,29
Adrian,Andrews,24
Chloe,Ellis,20
Camila,Cameron,24
Edith,Hall,24
Carl,Cunningham,18
Kate,Hamilton,24
Sienna,Thompson,30
Aiden,Howard,26
Violet,Spencer,30
Haris,Elliott,21
Myra,Ferguson,29
Sydney,Owens,28
Derek,Walker,21
Oliver,Howard,22
Dale,Rogers,30
Dexter,Richards,21
Leonardo,Stewart,28
Emma,Russell,28
Olivia,Cameron,21
Arnold,Mitchell,23
Naomi,Walker,25
Maria,Robinson,26
Sofia,Scott,27
Ted,Warren,18
Reid,Brooks,22
Max,Hall,28
Luke,Moore,29
Alan,Johnston,28
Kate,Martin,30
Miley,West,28
Alisa,Roberts,27
Kristian,Ross,24
Owen,Edwards,18
Patrick,Hawkins,20
Maximilian,Cooper,30
Luke,Thomas,18
Walter,Morgan,27
Aldus,Cooper,30
Jordan,Johnson,27
Michelle,Perkins,27
Rubie,Morrison,20
Aida,Taylor,25
Adelaide,Elliott,24
Alissa,Bailey,24
Cherry,Ross,30
Sarah,Ross,24
John,Harris,28
Carl,Harris,27
Amy,Anderson,21
Dexter,Walker,18
Oliver,Barrett,20
Brad,Roberts,29
Edgar,Campbell,26
Arnold,Mason,29
Bruce,Hill,30
Valeria,Hunt,18
Daniel,Riley,27
Rafael,Casey,29
Ada,Tucker,28
Edward,Scott,27
Lucas,Howard,26
Mary,Farrell,25
Brad,Reed,20
Tiana,Turner,26
Alisa,Cole,27
Oliver,Jones,19
Byron,Reed,27
Honey,Reed,24
Jasmine,Cooper,19
Maximilian,Henderson,23
Anna,Myers,20
Annabella,Owens,21
Dale,Stewart,18
Adelaide,Myers,26
Rebecca,Perkins,27
Tony,Richards,30
Brooke,Douglas,19
Rosie,Perry,25
Sydney,Morrison,27
Arnold,Barrett,23
Alisa,Crawford,25
Tony,Fowler,29
Patrick,Clark,22
Fiona,Howard,20
Vincent,Crawford,28
